1;;ACADBACK.C;/module/academicBackground/create;URI para crear un nuevo registro de trayectoria Académica;1
2;;ACADBACK.D;/module/academicBackground/delete;URI para eliminar un registro de trayectoria Académica;1
3;;ACADBACK.G;/module/academicBackground/get;URI para obtener un registro de trayectoria Académica;1
4;;ACADBACK.U;/module/academicBackground/update;URI para actualizar un registro de trayectoria Académica;1
5;;ADMIN.M;/admin/management/menu;URI para obtener el menu;1
6;;APPLICANT.G;/module/applicant/getApplicants;URI para obtener Candidatos obtenidos por proceso de Applicant;1
7;;APPLICANT.S;/module/applicant/searchApplicants;URI para procesar datos y generar candidatos que seran almacenados en persistencia;1
8;;APPLICANTVACANCY.R;/module/applicant/readVacancy;URI para obtener informacion de la vacante solicitada;1
9;;ASSOCIATE.C;/module/curriculumCompany/requestAssociation;URI para Crear nueva relación de solicitud de asociación a empresa;1
10;;ASSOCIATE.G;/module/curriculumCompany/getAssociates;URI para obtener lista de personas con solicitud en empresa;1
11;;ASSOCIATE.U;/module/curriculumCompany/updateAssociation;URI para modificar/añadir relaciónes Con empresa;1
12;;AUTOMOBILE.C;/module/automobile/create;URI para crear un nuevo registro de Automovil;1
13;;AUTOMOBILE.U;/module/automobile/update;URI para actualizar un registro de Automovil;1
14;;AUTOMOBILE.R;/module/automobile/read;URI para obtener un registro de Automovil;1
15;;AUTOMOBILE.D;/module/automobile/delete;URI para eliminar un registro de Automovil;1
16;;BOND.C;/module/bond/create;URI para crear un nuevo registro de Bono;1
17;;BOND.U;/module/bond/update;URI para actualizar un registro de Bono;1
18;;BOND.R;/module/bond/read;URI para obtener un registro de Bono;1
19;;BOND.D;/module/bond/delete;URI para eliminar un registro de Bono;1
20;;CATALOGUE.C;/admin/catalogue/createCatalogueRecord;URI para crear registro de catalogo;1
21;;CATALOGUE.G;/admin/catalogue/getCatalogueValues;URI para obtener Json de Catalogo y/o Catalogos;1
22;;CATALOGUE.U;/admin/catalogue/updateCatalogueRecord;URI para actualizar registro de catalogo;1
23;;CATAREA.G;/admin/catalogue/getAreas;URI para obtener Json personalizado para catalogo de area Dinamico;1
24;;COMPANY.C;/module/curriculumCompany/create;URI para insertar nuevo registro(s) de Empresas relacionada a persona;1
25;;COMPANY.DIS;/module/curriculumCompany/disassociate;URI para dessociar una persona de una empresa;1
26;;COMPANY.FS;/module/curriculumCompany/findSimilar;URI para obtener lista de registro(s) de Empresas que coincidan con parametros de busqueda;1
27;;COMPANY.G;/module/curriculumCompany/get;URI para obtener lista de registro(s) de Empresas relacionadas a persona;1
28;;COMPANY.P;/module/curriculumCompany/setEnterpriseResumePublication;URI para publicar un cv empresarial;1
29;;COMPANY.R;/module/curriculumCompany/read;URI para obtener registro (unico) de Empresa por ID;1
30;;COMPANY.U;/module/curriculumCompany/update;URI para actualizar registro (unico) de Empresa por ID;1
31;;COMPENSATION.C;/module/compensation/create;URI para crear un nuevo registro de Compensación;1
32;;COMPENSATION.U;/module/compensation/update;URI para actualizar un registro de Compensación;1
33;;COMPENSATION.R;/module/compensation/read;URI para obtener un registro de Compensación;1
34;;COMPENSATION.D;/module/compensation/delete;URI para eliminar un registro de Compensación;1
35;;CONTACT.C;/module/contact/create;URI para crear un registro de contacto;1
36;;CONTACT.D;/module/contact/delete;URI para eliminar un registro de contacto;1
37;;CONTACT.U;/module/contact/update;URI para crear un registro de contacto;1
38;;DOCSCLASS.G;/module/classify/get;URI para obtener registros de documentos (solr) clasificados;1
39;;DOCSCLASS.U;/module/classify/update;URI para actualizar registros de documentos (solr) clasificados;1
40;;EPARAMS.G;/module/enterpriseParameter/get;URI. Listar empresa parametro;1
41;;EPARAMS.C;/module/enterpriseParameter/create;URI. Crear nuevo registo en Empresa Parámetro;1
42;;EPARAMS.U;/module/enterpriseParameter/update;URI. Actualizar registro empresa Parametro;1
43;;EPARAMS.M;/module/enterpriseParameter/updmultiple;URI. Actualizar registro empresa Parametro multiple;1
44;;EPARAMS.RL;/module/enterpriseParameter/reload;URI. Recargar el Cache de parametros por Tipo;1
45;;EPARAMS.D;/module/enterpriseParameter/delete;URI. Eliminar un registro Empresa Parametro;1
46;;FILE.D;/module/file/delete;URI para eliminar un registro de contenido;1
47;;FILE.G;/module/file/get;URI para obtener el listado de archivos asociados a la persona;1
48;;HANDSHAKE.C;/module/handshake/create;URI para procesar una petición de HandSHake;1
49;;INSURANCE.C;/module/insurance/create;URI para crear un nuevo registro de Seguro;1
50;;INSURANCE.U;/module/insurance/update;URI para actualizar un registro de Seguro;1
51;;INSURANCE.R;/module/insurance/read;URI para obtener un registro de Seguro;1
52;;INSURANCE.D;/module/insurance/delete;URI para eliminar un registro de Seguro;1
53;;LANGUAGE.C;/module/language/create;URI para crear un nuevo registro de Idioma en Persona/Posicion;1
54;;LANGUAGE.D;/module/language/delete;URI para procesar una petición de DELETE de Idioma para Persona;1
55;;LANGUAGE.U;/module/language/update;URI para procesar una petición de UPDATE de Idioma para Persona;1
56;;LOCATION.C;/module/location/create;URI para crear un registro de domicilio;1
57;;LOCATION.D;/module/location/delete;URI para eliminar un registro de domicilio;1
58;;LOCATION.G;/module/location/get;URI para obtener un registro de domicilio;1
59;;LOCATION.U;/module/location/update;URI para crear un registro de domicilio;1
60;;NOTIFICATION.G;/module/notification/get;URI para obtener lista de Notificaciones;1
61;;PERMISSION.C;/admin/permission/create;URI creación de UriCode/Permiso;1
62;;PERMISSION.D;/admin/permission/delete;URI Eliminación de Permiso;1
63;;PERMISSION.G;/admin/permission/get;URI para procesar una petición de Get de permisos por Rol;1
64;;PERMISSION.U;/admin/permission/update;URI para procesar una petición de UPDATE de relación persona-permiso;1
65;;PERSCERT.C;/module/personCert/create;URI Crear un registro de Certificación Persona;1
66;;PERSCERT.D;/module/personCert/delete;URI Eliminar un registro de Certificación Persona;1
67;;PERSCERT.U;/module/personCert/update;URI Actualizar un registro de Experiencia Certificación Persona;1
68;;PERSKILL.C;/module/personSkill/create;URI para crear un registro de contacto;1
69;;PERSKILL.D;/module/personSkill/delete;URI para eliminar un registro de contacto;1
70;;PERSKILL.U;/module/personSkill/update;URI para crear un registro de contacto;1
71;;PERSON.D;/module/curriculumManagement/delete;URI para borrar un registro de persona;1
72;;PERSON.G;/module/curriculumManagement/get;URI para obtener listado de personas según parametros;1
73;;PERSON.P;/module/applicant/setResumePublication;URI para publicar un cv personal;1
74;;PERSON.PW;/admin/management/updpwd;URI para reemplazar la contraseña de acceso;1
75;;PERSON.R;/module/curriculumManagement/read;URI para obtener un registro de persona;1
76;;PERSON.U;/module/curriculumManagement/update;URI para actualizar un registro existente de persona;1
77;;PERSON.TR;/module/curriculumManagement/tracking;URI para obtener procesos de persona;1
78;;PLAN.C;/module/plan/create;URI para crear un nuevo registro de Plan;1
79;;PLAN.U;/module/plan/update;URI para actualizar un registro de Plan;1
80;;PLAN.R;/module/plan/read;URI para obtener un registro de Plan;1
81;;PLAN.D;/module/plan/delete;URI para eliminar un registro de Plan;1
82;;POSITIONCERT.C;/module/positionCert/create;URI Crear un registro de Certificación Posición;1
83;;POSITIONCERT.D;/module/positionCert/delete;URI Eliminar un registro de Certificación Posición;1
84;;POSITIONCERT.U;/module/positionCert/update;URI Actualizar un registro de Experiencia Certificación Posición;1
85;;POSITIONCOMPETENCE.U;/module/positionCompet/update;URI Actualizar un registro de Competencia Posición;1
86;;POSITIONSKILL.C;/module/positionSkill/create;URI para procesar una petición de CREATE de Habilidad Posición;1
87;;POSITIONSKILL.D;/module/positionSkill/delete;URI para procesar una petición de DELETE de Habilidad Posición;1
88;;POSITIONSKILL.G;/module/positionSkill/get;URI para procesar una petición de GET de Habilidad Posición;1
89;;POSITIONSKILL.U;/module/positionSkill/update;URI para procesar una petición de UPDATE de Habilidad Posición;1
90;;PROFILE.A;/module/profile/updateAssociation;URI para procesar una asociación entre posición y perfil;1
91;;PROFILE.CPB;/module/profile/createpublic;URI para crear un nuevo registro de Perfil accesable por todos las Apps (admin-Dothr);1
92;;PROFILE.CPV;/module/profile/createprivate;URI para crear un nuevo registro de Perfil accesable por solo por App Propietaria;1
93;;PROFILE.D;/module/profile/delete;URI para eliminar un registro de Perfil;1
94;;PROFILE.G;/module/profile/get;URI para obtener un registro de Perfil;1
95;;PROFILE.R;/module/profile/read;URI para leer nuevo registro de Perfil;1
96;;PROFILE.U;/module/profile/update;URI para actualizar un registro de Perfil;1
97;;PROFILETEX.C;/module/profile/textcreate;URI para crear un nuevo registro de Texto Ngram;1
98;;PROFILETEX.D;/module/profile/textdelete;URI para eliminar un registro de Texto Ngram;1
99;;PROFILETEX.G;/module/profile/textget;URI para obtener listado de Texto Ngram;1
100;;PROFILETEX.U;/module/profile/textupdate;URI para actualizar un registro de Texto Ngram;1
101;;RECLASIFY.T;/module/task/reClassification;URI para Iniciar un proceso de reclasificación en Solr;1
102;;RECLASSDOCS.LD;/admin/management/lastDateReclassDocs;URI para obtener última fecha del proceso de reclasificacion de CVs;1
103;;REFERENCE.C;/module/reference/create;URI para crear un nuevo registro de Referencia;1
104;;REFERENCE.U;/module/reference/update;URI para actualizar un registro de Referencia;1
105;;REFERENCE.R;/module/reference/read;URI para obtener un registro de Referencia;1
106;;REFERENCE.D;/module/reference/delete;URI para eliminar un registro de Referencia;1
107;;RELOADCORESOLR.LD;/admin/management/lastDateReLoadCoreSolr;URI para obtener última fecha del proceso reload core solr;1
108;;RELOADCORESOLR.T;/module/task/reloadCoreSolr;URI para aplicar el proceso Reload Core Solr;1
109;;REMODELING.LD;/admin/management/lastDateRemodel;URI para obtener última fecha del proceso de remodelación;1
110;;REMODELING.T;/module/task/reModel;URI para Iniciar un proceso de Remodelación de DocumentosClasificados Solr;1
111;;REPORT.C;/module/report/create;URI para generación de Reporte/Archivo/PDF dependiendo sus parámetros;1
112;;ROL.G;/admin/rol/get;URI para obtener un listado de roles;1
113;;ROL.AP;/admin/rol/assignPerms;URI para actualizar el campo de activo;1
114;;ROL.C;/admin/rol/create;URI. Crea nuevo registro de Rol;1
115;;ROL.U;/admin/rol/update;URI. Actualiza registro de Rol;1
116;;ROL.D;/admin/rol/delete;URI. Elimina registro de Rol;1
117;;SALARY.C;/module/salary/create;URI para crear un nuevo registro de Salario;1
118;;SALARY.U;/module/salary/update;URI para actualizar un registro de Salario;1
119;;SALARY.R;/module/salary/read;URI para obtener un registro de Salario;1
120;;SALARY.D;/module/salary/delete;URI para eliminar un registro de Salario;1
121;;SETTLEMENT.C;/module/settlement/create;URI para actualizar un registro de;1
122;;SYNCDOCS.LD;/admin/management/lastDateSyncDocs;URI para obtener última fecha del proceso de sincronización de documentos;1
123;;SYNCHRONIZE.T;/module/task/syncClassDocs;URI para Iniciar un proceso de Sincronización de DocumentosClasificados Solr-DB;1
124;;TIPOPERMISO.G;/admin/tipoPermiso/get;URI para obtener un listado de tipo permiso;1
125;;TOKENUPLOAD.C;/module/classify/loadTokens;URI para crear documentos por medio de palabras clave y subirlos a Solr;1
126;;TRACKTMPL.C;/module/tracktemplate/create;URI Creación de Plantilla Tracking;1
127;;TRACKTMPL.R;/module/tracktemplate/read;URI Lectura de Plantilla Tracking;1
128;;TRACKTMPL.U;/module/tracktemplate/update;URI Actualización de Plantilla Tracking;1
129;;TRACKTMPL.D;/module/tracktemplate/delete;URI Eliminación/desactivación de Plantilla Tracking;1
130;;TRACKTMPL.G;/module/tracktemplate/get;URI Listado de Plantilla Tracking;1
131;;TRACKING.C;/module/tracking/create;URI Pruebas TRACKING Create;1
132;;TRACKING.R;/module/tracking/read;URI Pruebas TRACKING Read;1
133;;TRACKING.U;/module/tracking/update;URI Pruebas TRACKING Update;1
134;;TRACKING.D;/module/tracking/delete;URI Pruebas TRACKING Delete;1
135;;TRACKING.G;/module/tracking/get;URI Pruebas TRACKING GET;1
136;;VACANCY.C;/module/vacancy/create;URI para crear un nuevo registro de posición;1
137;;VACANCY.CL;/module/vacancy/clone;URI para clonar los registros asociados a una posición;1
138;;VACANCY.D;/module/vacancy/delete;URI para eliminar un registro de posición;1
139;;VACANCY.DC;/module/vacancy/dataconf;URI que obtiene dataconf de posición;1
140;;VACANCY.G;/module/vacancy/get;URI para obtener registro(s) de posición;1
141;;VACANCY.P;/module/vacancy/setVacancyPublication;URI para publicar una posición;1
142;;VACANCY.R;/module/vacancy/read;URI para leer un registro de posición;1
143;;VACANCY.U;/module/vacancy/update;URI para actualizar un registro de posición;1
144;;VACANCYTEXT.C;/module/vacancyText/create;URI para crear un nuevo registro de función o texto asociado al perfil;1
145;;VACANCYTEXT.D;/module/vacancyText/delete;URI para eliminar un registro de función o texto asociado al perfil;1
146;;VACANCYTEXT.U;/module/vacancyText/update;URI para actualizar un registro de función o texto asociado al perfil;1
147;;VACATION.C;/module/vacation/create;URI para crear un nuevo registro de Vacaciones;1
148;;VACATION.U;/module/vacation/update;URI para actualizar un registro de  Vacaciones;1
149;;VACATION.R;/module/vacation/read;URI para obtener un registro de Vacaciones;1
150;;VACATION.D;/module/vacation/delete;URI para eliminar un registro de Vacaciones;1
151;;VOUCHER.C;/module/voucher/create;URI para crear un nuevo registro de Vales;1
152;;VOUCHER.U;/module/voucher/update;URI para actualizar un registro de  Vales;1
153;;VOUCHER.R;/module/voucher/read;URI para obtener un registro de Vales;1
154;;VOUCHER.D;/module/voucher/delete;URI para eliminar un registro de Vales;1
155;;WORKEXP.C;/module/workExperience/create;URI para crear un nuevo registro de Experiencia laboral;1
156;;WORKEXP.D;/module/workExperience/delete;URI para eliminar un registro de Experiencia laboral;1
157;;WORKEXP.G;/module/workExperience/get;URI para obtener listado de Experiencia laboral;1
158;;WORKEXP.U;/module/workExperience/update;URI para actualizar un registro de Experiencia laboral;1
159;;Curriculum Vitae;#/cvpw;Ruta (NodoHijo);2
160;;Posición;;Etiqueta 1;2
161;160;Buscar CV;#/cvfind;Ruta (NodoHijo);2
162;160;Perfiles;#/prfhome;Ruta (NodoHijo);2
163;160;Vacantes;#/vchome;Ruta (NodoHijo);2
164;160;Plantilla Tracking;#/lstemplates;Ruta (NodoHijo);2
165;;Administración;;Etiqueta 1;2
166;165;Carga Masiva;;Etiqueta 2;2
167;166;Semillas Modelo;#/seeds;Ruta (NodoHijo);2
168;166;Archivo Csv;#/csvupl;Ruta (NodoHijo);2
169;165;Modelo;;Etiqueta 2;2
170;169;Reload Core Solr;#/vprcs/3;Ruta (NodoHijo);2
171;169;Reclasificar;#/vprcs/4;Ruta (NodoHijo);2
172;169;Remodelar;#/vprcs/2;Ruta (NodoHijo);2
173;165;Empresa;;Etiqueta 2;2
174;173;Lista de Empresas;#/ehome;Ruta (NodoHijo);2
175;173;CV Empresarial;#/eupd;Ruta (NodoHijo);2
176;165;Documentos;;Etiqueta 2;2
177;176;Clasificados;#/vdc;Ruta (NodoHijo);2
178;176;Sincronización;#/vprcs/1;Ruta (NodoHijo);2
179;165;Roles y Permisos;;Etiqueta 2;2
180;179;Permisos;#/perm;Ruta (NodoHijo);2
181;179;Roles;;Etiqueta 3;2
182;181;Rol;#/rol;Ruta (NodoHijo);2
183;181;Asignar Permisos;#/asgperm;Ruta (NodoHijo);2
184;165;Catálogos;#/catadm;Ruta (NodoHijo);2
185;165;Empresa Parametro;#/eparam;Ruta (NodoHijo);2
186;;Cambio de Contraseña;#/vccn;Ruta (NodoHijo);2
187;;ENCUESTA.G;/module/encuesta/get;URI Pruebas Encuesta;1
188;;ENCUESTA.R;/module/encuesta/read;URI Pruebas Encuesta;1
189;;ENCUESTA.U;/module/encuesta/update;URI Pruebas Encuesta;1
190;;ENCUESTA.Q;/module/encuesta/questionary;URI Pruebas Encuesta;1
